{"cameraMode":{"drawMode":0,"name":"Shaded","section":"Shading Mode"},"sceneLighting":false,"audioPlay":false,"sceneViewState":{"showFog":true,"showMaterialUpdate":false,"showSkybox":false,"showFlares":true,"showImageEffects":true,"showParticleSystems":true},"in2DMode":false,"pivot":{"x":7.934819221496582,"y":-1.0196962356567383,"z":-4.431188583374023},"rotation":{"x":0.32933276891708376,"y":0.31552010774612429,"z":-0.11779151856899262,"w":0.8821347951889038},"size":10.175860404968262,"orthographic":false}