{"cameraMode":{"drawMode":0,"name":"Shaded","section":"Shading Mode"},"sceneLighting":false,"audioPlay":false,"sceneViewState":{"showFog":true,"showMaterialUpdate":false,"showSkybox":false,"showFlares":true,"showImageEffects":true,"showParticleSystems":true},"in2DMode":false,"pivot":{"x":4.100918769836426,"y":2.536764144897461,"z":-12.770794868469239},"rotation":{"x":0.23999787867069245,"y":0.284670352935791,"z":-0.07383734732866287,"w":0.9251787662506104},"size":3.408792495727539,"orthographic":false}