{"cameraMode":{"drawMode":0,"name":"Shaded","section":"Shading Mode"},"sceneLighting":true,"audioPlay":false,"sceneViewState":{"showFog":true,"showMaterialUpdate":false,"showSkybox":true,"showFlares":true,"showImageEffects":true,"showParticleSystems":true},"in2DMode":false,"pivot":{"x":-6.926786422729492,"y":3.8684768676757814,"z":-9.100931167602539},"rotation":{"x":-0.004492317326366901,"y":0.9949861764907837,"z":-0.05259392783045769,"w":-0.08497799187898636},"size":8.804697036743164,"orthographic":false}