{"cameraMode":{"drawMode":0,"name":"Shaded","section":"Shading Mode"},"sceneLighting":false,"audioPlay":false,"sceneViewState":{"showFog":true,"showMaterialUpdate":false,"showSkybox":false,"showFlares":true,"showImageEffects":true,"showParticleSystems":true},"in2DMode":false,"pivot":{"x":-0.09062012284994126,"y":0.6129301190376282,"z":0.15842105448246003},"rotation":{"x":-0.02073856256902218,"y":0.6937620043754578,"z":-0.019992316141724588,"w":-0.7196317911148071},"size":2.509394884109497,"orthographic":false}