{"cameraMode":{"drawMode":0,"name":"Shaded","section":"Shading Mode"},"sceneLighting":true,"audioPlay":false,"sceneViewState":{"showFog":true,"showMaterialUpdate":false,"showSkybox":true,"showFlares":true,"showImageEffects":true,"showParticleSystems":true},"in2DMode":false,"pivot":{"x":-2.8420491218566896,"y":0.8842353820800781,"z":-10.302375793457032},"rotation":{"x":0.27946507930755618,"y":-0.06044434756040573,"z":0.01763116382062435,"w":0.9581097960472107},"size":5.310929298400879,"orthographic":false}