{"cameraMode":{"drawMode":0,"name":"Shaded","section":"Shading Mode"},"sceneLighting":true,"audioPlay":false,"sceneViewState":{"showFog":true,"showMaterialUpdate":false,"showSkybox":true,"showFlares":true,"showImageEffects":true,"showParticleSystems":true},"in2DMode":false,"pivot":{"x":-0.9714133739471436,"y":-0.9263436794281006,"z":0.13424839079380036},"rotation":{"x":0.2828926146030426,"y":-0.007195197977125645,"z":0.0021293589379638435,"w":0.9591449499130249},"size":20.127260208129884,"orthographic":false}